Label,# Samples,Average,Min,Max,Std. Dev.,Error %,Throughput,Received KB/sec,Sent KB/sec,Avg. Bytes
GET User,200,460,324,1448,140.51,20.000%,19.40994,47.81,5.26,2522.1
Update User,200,337,248,549,59.13,60.000%,19.48558,36.96,7.01,1942.5
TOTAL,400,398,248,1448,123.96,40.000%,37.45669,81.66,11.81,2232.3
