Label,# Samples,Average,Min,Max,Std. Dev.,Error %,Throughput,Received KB/sec,Sent KB/sec,Avg. Bytes
GET User,200,412,354,734,57.33,0.000%,19.33862,54.24,5.24,2871.9
Update User,200,348,274,694,56.24,40.000%,19.42691,43.46,6.99,2290.8
TOTAL,400,380,274,734,65.16,20.000%,37.37270,94.21,11.79,2581.4
